batch_size,total_inference_time_s,avg_latency_per_batch_ms,avg_latency_per_sample_ms,throughput_samples_per_second,cpu_memory_usage_mb,gpu_memory_usage_mb,profiler_cuda_memory_mb,model_size_mb,accuracy,precision,recall,f1_score
32,41.192333698272705,0.0,0.0,207.5871705311652,0.0,198.88232421875,198.88232421875,480.1066770553589,0.9308852765758391,0.8966720968117291,0.96325,0.9287694347354466
64,36.25128746032715,0.0,0.0,235.8812775782952,0.0,382.17529296875,382.17529296875,480.1066770553589,0.9308852765758391,0.8966720968117291,0.96325,0.9287694347354466
128,32.33344030380249,0.0,0.0,264.4630425854926,0.0,760.3505859375,760.3505859375,480.1066770553589,0.9308852765758391,0.8966720968117291,0.96325,0.9287694347354466
256,28.27355194091797,0.0,0.0,302.4381237231409,0.0,1520.701171875,1520.701171875,480.1066770553589,0.9308852765758391,0.8966720968117291,0.96325,0.9287694347354466
