batch_size,total_inference_time_s,avg_latency_per_batch_ms,avg_latency_per_sample_ms,throughput_samples_per_second,cpu_memory_usage_mb,gpu_memory_usage_mb,profiler_cuda_memory_mb,model_size_mb,accuracy,precision,recall,f1_score
32,41.61895132064819,59.67965618283582,1.8649892557136194,205.45928546156415,0.0,198.88232421875,198.88232421875,480.1066770553589,0.9308852765758391,0.8966720968117291,0.96325,0.9287694347354466
64,36.16935443878174,116.09744152238805,1.8140225237873133,236.4156101948945,0.0,382.17529296875,382.17529296875,480.1066770553589,0.9308852765758391,0.8966720968117291,0.96325,0.9287694347354466
128,32.93498611450195,229.50893362686566,1.793038543959888,259.6327191477035,0.0,760.3505859375,760.3505859375,480.1066770553589,0.9308852765758391,0.8966720968117291,0.96325,0.9287694347354466
256,28.370349168777466,449.199560117647,1.7546857817095587,301.40623046721845,0.0,1520.701171875,1520.701171875,480.1066770553589,0.9308852765758391,0.8966720968117291,0.96325,0.9287694347354466
