batch_size,total_inference_time_s,avg_latency_per_batch_ms,avg_latency_per_sample_ms,throughput_samples_per_second,cpu_memory_usage_mb,gpu_memory_usage_mb,profiler_cuda_memory_mb,model_size_mb,accuracy,precision,recall,f1_score
32,41.59845590591431,59.80620730597011,1.868943978311566,205.56051453785457,0.0,198.88232421875,198.88232421875,480.1066770553589,0.9368494912875687,0.9365749912469573,0.9366013238848605,0.9365881057208225
64,35.67448115348816,116.26480201492535,1.8166375314832086,239.69514688131366,0.0,382.17529296875,382.17529296875,480.1066770553589,0.9368494912875687,0.9365749912469573,0.9366013238848605,0.9365881057208225
128,32.32413339614868,229.75319944776112,1.7949468706856337,264.5391879560435,0.0,760.3505859375,760.3505859375,480.1066770553589,0.9368494912875687,0.9365749912469573,0.9366013238848605,0.9365881057208225
256,32.12387681007385,450.1316272058824,1.7583266687729782,266.18829509763464,0.0,1520.701171875,1520.701171875,480.1066770553589,0.9368494912875687,0.9365749912469573,0.9366013238848605,0.9365881057208225
