batch_size,total_inference_time_s,avg_latency_per_batch_ms,avg_latency_per_sample_ms,throughput_samples_per_second,cpu_memory_usage_mb,gpu_memory_usage_mb,profiler_cuda_memory_mb,model_size_mb,accuracy,precision,recall,f1_score
32,42.79558038711548,0.0,0.0,199.81035243944163,0.0,811.2568359375,811.2568359375,0.34460926055908203,0.8407203835808678,0.831074297188755,0.82775,0.8294088176352705
64,38.11003589630127,0.0,0.0,224.37659264524356,0.0,1605.9248046875,1605.9248046875,0.34460926055908203,0.8407203835808678,0.831074297188755,0.82775,0.8294088176352705
128,35.31887936592102,0.0,0.0,242.1084743773272,0.0,3192.349609375,3192.349609375,0.34460926055908203,0.8407203835808678,0.831074297188755,0.82775,0.8294088176352705
256,34.13379621505737,0.0,0.0,250.51418090519667,0.0,6384.69921875,6384.69921875,0.34460926055908203,0.8407203835808678,0.831074297188755,0.82775,0.8294088176352705
