batch_size,total_inference_time_s,avg_latency_per_batch_ms,avg_latency_per_sample_ms,throughput_samples_per_second,cpu_memory_usage_mb,gpu_memory_usage_mb,profiler_cuda_memory_mb,model_size_mb,accuracy,precision,recall,f1_score
32,44.484537839889526,1.3844775279851051,0.043264922749534536,192.22409437582763,0.0,998.8818359375,998.8818359375,21.17158031463623,0.8830546134954976,0.870919881305638,0.8805,0.8756837394331178
64,38.70522475242615,0.4790064179104441,0.0074844752798506895,220.92624586720686,0.0,1810.4248046875,1810.4248046875,21.17158031463623,0.8830546134954976,0.870919881305638,0.8805,0.8756837394331178
128,37.42025446891785,0.6232499179104386,0.0048691399836753016,228.51260958427378,0.0,3192.349609375,3192.349609375,21.17158031463623,0.8830546134954976,0.870919881305638,0.8805,0.8756837394331178
256,33.75357389450073,0.8016587058822333,0.003131479319852474,253.33613639630508,0.0,6384.69921875,6384.69921875,21.17158031463623,0.8830546134954976,0.870919881305638,0.8805,0.8756837394331178
