batch_size,total_inference_time_s,avg_latency_per_batch_ms,avg_latency_per_sample_ms,throughput_samples_per_second,cpu_memory_usage_mb,gpu_memory_usage_mb,profiler_cuda_memory_mb,model_size_mb,accuracy,precision,recall,f1_score
32,16.68367338180542,0.9622511305970458,0.03007034783115768,512.5370057487097,0.0,19.1328125,19.1328125,211.67504405975342,0.8457490352005613,0.8470951419759568,0.843176307404966,0.8443662971273685
64,16.330283164978027,0.9499006604477995,0.014842197819496868,523.6283972306433,0.0,36.9150390625,36.9150390625,211.67504405975342,0.8457490352005613,0.8470951419759568,0.843176307404966,0.8443662971273685
128,16.341282844543457,1.3748241268656523,0.010740813491137908,523.2759313541457,0.0,56.037109375,56.037109375,211.67504405975342,0.8457490352005613,0.8470951419759568,0.843176307404966,0.8443662971273685
256,16.231634378433228,2.4076119264705134,0.009404734087775443,526.8107819975054,0.0,92.33642578125,92.33642578125,211.67504405975342,0.8457490352005613,0.8470951419759568,0.843176307404966,0.8443662971273685
