batch_size,total_inference_time_s,avg_latency_per_batch_ms,avg_latency_per_sample_ms,throughput_samples_per_second,cpu_memory_usage_mb,gpu_memory_usage_mb,profiler_cuda_memory_mb,model_size_mb,accuracy,precision,recall,f1_score
32,16.690651655197144,0.9652504328358174,0.030164076026119292,512.3227167309184,0.0,19.1328125,19.1328125,211.67504405975342,0.8457490352005613,0.8579439252336448,0.80325,0.8296965784377017
64,16.407034873962402,0.9854374067164134,0.01539745947994396,521.178876359326,0.0,36.9150390625,36.9150390625,211.67504405975342,0.8457490352005613,0.8579439252336448,0.80325,0.8296965784377017
128,16.48570466041565,1.452342231343284,0.011346423682369407,518.6918106407716,0.0,56.037109375,56.037109375,211.67504405975342,0.8457490352005613,0.8579439252336448,0.80325,0.8296965784377017
256,16.318751573562622,2.353920794117593,0.009195003102021848,523.9984174924964,0.0,92.33642578125,92.33642578125,211.67504405975342,0.8457490352005613,0.8579439252336448,0.80325,0.8296965784377017
