batch_size,total_inference_time_s,avg_latency_per_batch_ms,avg_latency_per_sample_ms,throughput_samples_per_second,cpu_memory_usage_mb,gpu_memory_usage_mb,profiler_cuda_memory_mb,model_size_mb,accuracy,precision,recall,f1_score
32,24.064188718795776,10.870401828358201,0.3397000571361938,355.34129572883063,0.0,105.59912109375,105.59912109375,87.5902452468872,0.5039176704479008,0.4703285924472781,0.4795,0.4748700173310225
64,20.275638341903687,19.075598440298517,0.29805622562966433,421.7376467170278,0.0,194.81982421875,194.81982421875,87.5902452468872,0.5039176704479008,0.4703285924472781,0.4795,0.4748700173310225
128,15.888854503631592,35.57884177611942,0.27795970137593295,538.1759898453073,0.0,390.3642578125,390.3642578125,87.5902452468872,0.5039176704479008,0.4703285924472781,0.4795,0.4748700173310225
256,17.84147834777832,68.86053599999997,0.2689864687499999,479.27642728467055,0.0,776.716796875,776.716796875,87.5902452468872,0.5039176704479008,0.4703285924472781,0.4795,0.4748700173310225
