batch_size,total_inference_time_s,avg_latency_per_batch_ms,avg_latency_per_sample_ms,throughput_samples_per_second,cpu_memory_usage_mb,gpu_memory_usage_mb,profiler_cuda_memory_mb,model_size_mb,accuracy,precision,recall,f1_score
32,24.28734064102173,10.907439559701459,0.3408574862406706,352.07642229702236,0.0,105.59912109375,105.59912109375,87.5902452468872,0.5059057420184774,0.47525841213987247,0.54025,0.5056745056745057
64,20.099204540252686,19.064532134328335,0.29788331459888023,425.4397223967202,0.0,194.81982421875,194.81982421875,87.5902452468872,0.5059057420184774,0.47525841213987247,0.54025,0.5056745056745057
128,15.74791169166565,35.50321989552238,0.2773689054337686,542.9926308594612,0.0,390.3642578125,390.3642578125,87.5902452468872,0.5059057420184774,0.47525841213987247,0.54025,0.5056745056745057
256,16.67921781539917,68.69888764705887,0.2683550298713237,512.6739212018232,0.0,776.716796875,776.716796875,87.5902452468872,0.5059057420184774,0.47525841213987247,0.54025,0.5056745056745057
