batch_size,total_inference_time_s,avg_latency_per_batch_ms,avg_latency_per_sample_ms,throughput_samples_per_second,cpu_memory_usage_mb,gpu_memory_usage_mb,profiler_cuda_memory_mb,model_size_mb,accuracy,precision,recall,f1_score
32,24.088414192199707,10.935947992537333,0.34174837476679165,354.9839325981442,0.0,105.59912109375,105.59912109375,87.5902452468872,0.5094141036136124,0.481474444233327,0.6335,0.5471229623232214
64,20.245755910873413,19.140110738805983,0.2990642302938435,422.36012513652327,0.0,194.81982421875,194.81982421875,87.5902452468872,0.5094141036136124,0.481474444233327,0.6335,0.5471229623232214
128,16.03150486946106,35.38966832835819,0.27648178381529837,533.3872315561018,0.0,390.3642578125,390.3642578125,87.5902452468872,0.5094141036136124,0.481474444233327,0.6335,0.5471229623232214
256,17.474838256835938,68.34594499999996,0.26697634765624983,489.3321399787466,0.0,776.716796875,776.716796875,87.5902452468872,0.5094141036136124,0.481474444233327,0.6335,0.5471229623232214
