batch_size,total_inference_time_s,avg_latency_per_batch_ms,avg_latency_per_sample_ms,throughput_samples_per_second,cpu_memory_usage_mb,gpu_memory_usage_mb,profiler_cuda_memory_mb,model_size_mb,accuracy,precision,recall,f1_score
32,23.884371995925903,10.812814876865652,0.3379004649020516,358.01653070294645,0.0,105.59912109375,105.59912109375,87.5902452468872,0.9145129224652088,0.9173543866911709,0.912045292243463,0.9136998411764646
64,20.103869915008545,19.104009395522368,0.298500146805037,425.34099335851005,0.0,194.81982421875,194.81982421875,87.5902452468872,0.9145129224652088,0.9173543866911709,0.912045292243463,0.9136998411764646
128,15.751989603042603,35.512717805970155,0.27744310785914184,542.8520596755801,0.0,390.3642578125,390.3642578125,87.5902452468872,0.9145129224652088,0.9173543866911709,0.912045292243463,0.9136998411764646
256,16.733716011047363,68.71689450000001,0.26842536914062504,511.0042500036902,0.0,776.716796875,776.716796875,87.5902452468872,0.9145129224652088,0.9173543866911709,0.912045292243463,0.9136998411764646
