batch_size,total_inference_time_s,avg_latency_per_batch_ms,avg_latency_per_sample_ms,throughput_samples_per_second,cpu_memory_usage_mb,gpu_memory_usage_mb,profiler_cuda_memory_mb,model_size_mb,accuracy,precision,recall,f1_score
32,23.949933290481567,10.89501518656717,0.34046922458022405,357.036485082755,0.0,105.59912109375,105.59912109375,87.5902452468872,0.9145129224652088,0.9392636388067723,0.87375,0.9053231446703794
64,20.10128355026245,19.150640082089556,0.2992287512826493,425.39572055777273,0.0,194.81982421875,194.81982421875,87.5902452468872,0.9145129224652088,0.9392636388067723,0.87375,0.9053231446703794
128,15.866546392440796,35.552925567164166,0.27775723099347005,538.9326567042908,0.0,390.3642578125,390.3642578125,87.5902452468872,0.9145129224652088,0.9392636388067723,0.87375,0.9053231446703794
256,16.842087268829346,68.80867994117649,0.2687839060202207,507.7161674506844,0.0,776.716796875,776.716796875,87.5902452468872,0.9145129224652088,0.9392636388067723,0.87375,0.9053231446703794
