batch_size,total_inference_time_s,avg_latency_per_batch_ms,avg_latency_per_sample_ms,throughput_samples_per_second,cpu_memory_usage_mb,gpu_memory_usage_mb,profiler_cuda_memory_mb,model_size_mb,accuracy,precision,recall,f1_score
32,43.67211127281189,0.0,0.0,195.80001403145886,0.0,811.2568359375,811.2568359375,0.0037488937377929688,0.8580283007835341,0.8475548902195609,0.84925,0.8484015984015985
64,38.74531030654907,0.0,0.0,220.69767753427013,0.0,1605.9248046875,1605.9248046875,0.0037488937377929688,0.8580283007835341,0.8475548902195609,0.84925,0.8484015984015985
128,35.97168970108032,0.0,0.0,237.71471596295882,0.0,3192.349609375,3192.349609375,0.0037488937377929688,0.8580283007835341,0.8475548902195609,0.84925,0.8484015984015985
256,33.66252279281616,0.0,0.0,254.02136532158096,0.0,6384.69921875,6384.69921875,0.0037488937377929688,0.8580283007835341,0.8475548902195609,0.84925,0.8484015984015985
