batch_size,total_inference_time_s,avg_latency_per_batch_ms,avg_latency_per_sample_ms,throughput_samples_per_second,cpu_memory_usage_mb,gpu_memory_usage_mb,profiler_cuda_memory_mb,model_size_mb,accuracy,precision,recall,f1_score
32,45.49538779258728,1.1775998320896706,0.036799994752802205,187.953118214617,0.0,896.6318359375,896.6318359375,0.00494384765625,0.8579113553970296,0.8573031785499099,0.8573567622500549,0.8573296740652845
64,39.472928047180176,0.4479428805969561,0.006999107509327439,216.62948311762895,0.0,1674.4248046875,1674.4248046875,0.00494384765625,0.8579113553970296,0.8573031785499099,0.8573567622500549,0.8573296740652845
128,38.7052903175354,0.5933730298507539,0.004635726795709015,220.92587162757894,0.0,3192.349609375,3192.349609375,0.00494384765625,0.8579113553970296,0.8573031785499099,0.8573567622500549,0.8573296740652845
256,34.50557470321655,0.49802416176471836,0.0019454068818934311,247.8150291234793,0.0,6384.69921875,6384.69921875,0.00494384765625,0.8579113553970296,0.8573031785499099,0.8573567622500549,0.8573296740652845
