batch_size,total_inference_time_s,avg_latency_per_batch_ms,avg_latency_per_sample_ms,throughput_samples_per_second,cpu_memory_usage_mb,gpu_memory_usage_mb,profiler_cuda_memory_mb,model_size_mb,accuracy,precision,recall,f1_score
32,42.75057244300842,60.89889942910446,1.9030906071595144,200.02071343955677,0.0,198.88232421875,198.88232421875,418.57107639312744,0.926675242661677,0.9303948327516309,0.9240010437266535,0.9259189307961846
64,38.252209424972534,118.80139692537313,1.856271826958955,223.54264311900306,0.0,382.17529296875,382.17529296875,418.57107639312744,0.926675242661677,0.9303948327516309,0.9240010437266535,0.9259189307961846
128,35.27350902557373,235.48655892537326,1.8397387416044786,242.41988495673678,0.0,760.3505859375,760.3505859375,418.57107639312744,0.926675242661677,0.9303948327516309,0.9240010437266535,0.9259189307961846
256,34.56163573265076,463.0515247058825,1.8087950183823536,247.4130584022612,0.0,1520.701171875,1520.701171875,418.57107639312744,0.926675242661677,0.9303948327516309,0.9240010437266535,0.9259189307961846
