batch_size,total_inference_time,avg_latency_per_batch_ms,avg_latency_per_sample_ms,throughput_samples_per_second,cpu_memory_usage_mb,gpu_memory_usage_mb,profiler_cuda_memory_mb,model_size_mb,accuracy,precision,recall,f1_score
32,310.25504088401794,1110.9176965186568,34.716178016208026,27.56119602645426,-995678.4921951294,0,0,418.5711145401001,0.9242193895450824,0.9017257909875359,0.9405,0.920704845814978
64,313.8245370388031,2268.972777201491,35.4526996437733,27.247710076101235,-995608.3896808624,0,0,418.5711145401001,0.9242193895450824,0.9017257909875359,0.9405,0.920704845814978
