batch_size,total_inference_time_s,avg_latency_per_batch_ms,avg_latency_per_sample_ms,throughput_samples_per_second,cpu_memory_usage_mb,gpu_memory_usage_mb,profiler_cuda_memory_mb,model_size_mb,accuracy,precision,recall,f1_score
32,42.61340546607971,60.040883947761245,1.876277623367539,200.66455394668233,0.0,198.88232421875,198.88232421875,418.5711145401001,0.9242193895450824,0.9017257909875359,0.9405,0.920704845814978
64,37.712698221206665,117.80146041044773,1.8406478189132458,226.74060471206454,0.0,382.17529296875,382.17529296875,418.5711145401001,0.9242193895450824,0.9017257909875359,0.9405,0.920704845814978
128,35.207812547683716,234.66615611940315,1.8333293446828371,242.87223150881496,0.0,760.3505859375,760.3505859375,418.5711145401001,0.9242193895450824,0.9017257909875359,0.9405,0.920704845814978
256,34.33547616004944,461.6048076764707,1.8031437799862138,249.0427090668804,0.0,1520.701171875,1520.701171875,418.5711145401001,0.9242193895450824,0.9017257909875359,0.9405,0.920704845814978
