batch_size,total_inference_time_s,avg_latency_per_batch_ms,avg_latency_per_sample_ms,throughput_samples_per_second,cpu_memory_usage_mb,gpu_memory_usage_mb,profiler_cuda_memory_mb,model_size_mb,accuracy,precision,recall,f1_score
32,42.779937982559204,0.0,0.0,199.88341272224673,0.0,198.88232421875,198.88232421875,418.5711145401001,0.9242193895450824,0.9017257909875359,0.9405,0.920704845814978
64,38.41663718223572,0.0,0.0,222.5858541297331,0.0,382.17529296875,382.17529296875,418.5711145401001,0.9242193895450824,0.9017257909875359,0.9405,0.920704845814978
128,35.185712575912476,0.0,0.0,243.02477835432174,0.0,760.3505859375,760.3505859375,418.5711145401001,0.9242193895450824,0.9017257909875359,0.9405,0.920704845814978
256,34.756630659103394,0.0,0.0,246.0249983339607,0.0,1520.701171875,1520.701171875,418.5711145401001,0.9242193895450824,0.9017257909875359,0.9405,0.920704845814978
