batch_size,total_inference_time_s,avg_latency_per_batch_ms,avg_latency_per_sample_ms,throughput_samples_per_second,cpu_memory_usage_mb,gpu_memory_usage_mb,profiler_cuda_memory_mb,model_size_mb,accuracy,precision,recall,f1_score
32,44.691590547561646,2.301485755597155,0.0719214298624111,191.33353490518226,0.0,896.6318359375,896.6318359375,0.48915958404541016,0.8424745643784353,0.8327062954602458,0.83,0.8313509452860899
64,38.82502460479736,0.32114376865674854,0.005017871385261696,220.24454812434058,0.0,1674.4248046875,1674.4248046875,0.48915958404541016,0.8424745643784353,0.8327062954602458,0.83,0.8313509452860899
128,36.545772552490234,0.32895942537312667,0.002569995510727552,233.9805510396122,0.0,3192.349609375,3192.349609375,0.48915958404541016,0.8424745643784353,0.8327062954602458,0.83,0.8313509452860899
256,35.84173560142517,0.3578121029412312,0.0013977035271141845,238.57661624120647,0.0,6384.69921875,6384.69921875,0.48915958404541016,0.8424745643784353,0.8327062954602458,0.83,0.8313509452860899
