batch_size,total_inference_time_s,avg_latency_per_batch_ms,avg_latency_per_sample_ms,throughput_samples_per_second,cpu_memory_usage_mb,gpu_memory_usage_mb,profiler_cuda_memory_mb,model_size_mb,accuracy,precision,recall,f1_score
32,45.93718981742859,0.0,0.0,186.14547459226048,0.0,321.97216796875,321.97216796875,46.7478609085083,0.9132265232136593,0.8712397447584321,0.95575,0.9115402956604673
64,41.028478145599365,0.0,0.0,208.41621201875273,0.0,625.80029296875,625.80029296875,46.7478609085083,0.9132265232136593,0.8712397447584321,0.95575,0.9115402956604673
128,39.2004017829895,0.0,0.0,218.1355193076259,0.0,1244.5302734375,1244.5302734375,46.7478609085083,0.9132265232136593,0.8712397447584321,0.95575,0.9115402956604673
256,36.21358108520508,0.0,0.0,236.12688233955075,0.0,2487.560546875,2487.560546875,46.7478609085083,0.9132265232136593,0.8712397447584321,0.95575,0.9115402956604673
