batch_size,total_inference_time_s,avg_latency_per_batch_ms,avg_latency_per_sample_ms,throughput_samples_per_second,cpu_memory_usage_mb,gpu_memory_usage_mb,profiler_cuda_memory_mb,model_size_mb,accuracy,precision,recall,f1_score
32,45.27574944496155,68.61142514552245,2.1441070357975764,188.8649023997898,0.0,321.97216796875,321.97216796875,46.7478609085083,0.9186060109928663,0.9205201953158356,0.916601900681169,0.9179388780390143
64,41.28470706939697,134.35270770895525,2.099261057952426,207.1227000745412,0.0,625.80029296875,625.80029296875,46.7478609085083,0.9186060109928663,0.9205201953158356,0.916601900681169,0.9179388780390143
128,39.66188168525696,266.29458928358196,2.080426478777984,215.59743604344828,0.0,1244.5302734375,1244.5302734375,46.7478609085083,0.9186060109928663,0.9205201953158356,0.916601900681169,0.9179388780390143
256,37.393584966659546,523.9780776764707,2.0467893659237135,228.6755872063122,0.0,2487.560546875,2487.560546875,46.7478609085083,0.9186060109928663,0.9205201953158356,0.916601900681169,0.9179388780390143
