batch_size,total_inference_time_s,avg_latency_per_batch_ms,avg_latency_per_sample_ms,throughput_samples_per_second,cpu_memory_usage_mb,gpu_memory_usage_mb,profiler_cuda_memory_mb,model_size_mb,accuracy,precision,recall,f1_score
32,46.00503897666931,68.47801411194037,2.1399379409981365,185.87094349243998,0.0,321.97216796875,321.97216796875,46.7478609085083,0.9132265232136593,0.8712397447584321,0.95575,0.9115402956604673
64,40.634459257125854,134.1220722761193,2.095657379314364,210.43715497457876,0.0,625.80029296875,625.80029296875,46.7478609085083,0.9132265232136593,0.8712397447584321,0.95575,0.9115402956604673
128,39.3992977142334,266.16256708955217,2.0793950553871263,217.03432538369495,0.0,1244.5302734375,1244.5302734375,46.7478609085083,0.9132265232136593,0.8712397447584321,0.95575,0.9115402956604673
256,33.55708312988281,523.5787871764707,2.0452296374080885,254.81952549044038,0.0,2487.560546875,2487.560546875,46.7478609085083,0.9132265232136593,0.8712397447584321,0.95575,0.9115402956604673
