batch_size,total_inference_time_s,avg_latency_per_batch_ms,avg_latency_per_sample_ms,throughput_samples_per_second,cpu_memory_usage_mb,gpu_memory_usage_mb,profiler_cuda_memory_mb,model_size_mb,accuracy,precision,recall,f1_score
32,45.51114058494568,1.2300770652986577,0.03843990829058305,187.88806191397734,0.0,896.6318359375,896.6318359375,0.00494384765625,0.8579113553970296,0.8476903870162297,0.84875,0.8482198625858838
64,39.42216181755066,0.46145521268658746,0.007210237698227929,216.9084496069699,0.0,1674.4248046875,1674.4248046875,0.00494384765625,0.8579113553970296,0.8476903870162297,0.84875,0.8482198625858838
128,38.44572710990906,0.6259691343284377,0.0048903838619409196,222.41743472699343,0.0,3192.349609375,3192.349609375,0.00494384765625,0.8579113553970296,0.8476903870162297,0.84875,0.8482198625858838
256,37.86855340003967,0.5821771470587855,0.002274129480698381,225.8074109583241,0.0,6384.69921875,6384.69921875,0.00494384765625,0.8579113553970296,0.8476903870162297,0.84875,0.8482198625858838
