batch_size,total_inference_time_s,avg_latency_per_batch_ms,avg_latency_per_sample_ms,throughput_samples_per_second,cpu_memory_usage_mb,gpu_memory_usage_mb,profiler_cuda_memory_mb,model_size_mb,accuracy,precision,recall,f1_score
32,26.983571767807007,0.0,0.0,316.89652035620605,0.0,198.89208984375,198.89208984375,256.326132774353,0.9169687755818033,0.8856071261134553,0.9445,0.9141059762884104
64,23.532438278198242,0.0,0.0,363.3707607733161,0.0,382.17529296875,382.17529296875,256.326132774353,0.9169687755818033,0.8856071261134553,0.9445,0.9141059762884104
128,20.047181606292725,0.0,0.0,426.54374903831257,0.0,760.3505859375,760.3505859375,256.326132774353,0.9169687755818033,0.8856071261134553,0.9445,0.9141059762884104
256,19.49246859550476,0.0,0.0,438.68225094752654,0.0,1520.701171875,1520.701171875,256.326132774353,0.9169687755818033,0.8856071261134553,0.9445,0.9141059762884104
