batch_size,total_inference_time_s,avg_latency_per_batch_ms,avg_latency_per_sample_ms,throughput_samples_per_second,cpu_memory_usage_mb,gpu_memory_usage_mb,profiler_cuda_memory_mb,model_size_mb,accuracy,precision,recall,f1_score
32,26.997920989990234,30.332074738805968,0.9478773355876865,316.72809188420007,0.0,198.89208984375,198.89208984375,256.326132774353,0.9235177172260555,0.9229041288786817,0.9240614700065919,0.9233174427294892
64,23.47003746032715,59.19464581343278,0.9249163408348872,364.33687055055975,0.0,382.17529296875,382.17529296875,256.326132774353,0.9235177172260555,0.9229041288786817,0.9240614700065919,0.9233174427294892
128,20.316225051879883,117.74136235820887,0.9198543934235068,420.8951209274366,0.0,760.3505859375,760.3505859375,256.326132774353,0.9235177172260555,0.9229041288786817,0.9240614700065919,0.9233174427294892
256,19.656930208206177,231.79191079411765,0.9054371515395221,435.0119733563593,0.0,1520.701171875,1520.701171875,256.326132774353,0.9235177172260555,0.9229041288786817,0.9240614700065919,0.9233174427294892
