batch_size,total_inference_time_s,avg_latency_per_batch_ms,avg_latency_per_sample_ms,throughput_samples_per_second,cpu_memory_usage_mb,gpu_memory_usage_mb,profiler_cuda_memory_mb,model_size_mb,accuracy,precision,recall,f1_score
32,27.060057163238525,30.217514156716422,0.9442973173973882,316.0008106566994,0.0,198.89208984375,198.89208984375,256.326132774353,0.9169687755818033,0.8856071261134553,0.9445,0.9141059762884104
64,23.484382152557373,58.88616673134333,0.9200963551772395,364.1143268940045,0.0,382.17529296875,382.17529296875,256.326132774353,0.9169687755818033,0.8856071261134553,0.9445,0.9141059762884104
128,20.123814582824707,117.0940750895522,0.9147974616371266,424.91943884725094,0.0,760.3505859375,760.3505859375,256.326132774353,0.9169687755818033,0.8856071261134553,0.9445,0.9141059762884104
256,19.570258855819702,230.21980664705885,0.8992961197150736,436.9385230414133,0.0,1520.701171875,1520.701171875,256.326132774353,0.9169687755818033,0.8856071261134553,0.9445,0.9141059762884104
