batch_size,total_inference_time_s,avg_latency_per_batch_ms,avg_latency_per_sample_ms,throughput_samples_per_second,cpu_memory_usage_mb,gpu_memory_usage_mb,profiler_cuda_memory_mb,model_size_mb,accuracy,precision,recall,f1_score
32,16.445472955703735,0.04167574253729433,0.0013023669542904478,519.9607225059636,0.0,13.578125,13.578125,0.46594715118408203,0.8172143608934628,0.7994593266158762,0.81325,0.8062956995910274
64,16.150132656097412,0.03446392164176283,0.0005384987756525442,529.4693351494923,0.0,25.55224609375,25.55224609375,0.46594715118408203,0.8172143608934628,0.7994593266158762,0.81325,0.8062956995910274
128,16.09314489364624,0.036369716417808916,0.00028413840951413215,531.3442497728355,0.0,43.43896484375,43.43896484375,0.46594715118408203,0.8172143608934628,0.7994593266158762,0.81325,0.8062956995910274
256,16.08474564552307,0.04071297058810802,0.00015903504135979696,531.6217109333048,0.0,67.14013671875,67.14013671875,0.46594715118408203,0.8172143608934628,0.7994593266158762,0.81325,0.8062956995910274
