batch_size,total_inference_time_s,avg_latency_per_batch_ms,avg_latency_per_sample_ms,throughput_samples_per_second,cpu_memory_usage_mb,gpu_memory_usage_mb,profiler_cuda_memory_mb,model_size_mb,accuracy,precision,recall,f1_score
32,16.420905113220215,0.04117517350749127,0.001286724172109102,520.7386524093439,0.0,13.578125,13.578125,0.46594715118408203,0.8172143608934628,0.8163963299746048,0.8169743737640079,0.8166317421900671
64,16.16890835762024,0.034336966417971806,0.0005365151002808095,528.854503400658,0.0,25.55224609375,25.55224609375,0.46594715118408203,0.8172143608934628,0.8163963299746048,0.8169743737640079,0.8166317421900671
128,16.04091715812683,0.036476388059841436,0.0002849717817175112,533.0742572701209,0.0,43.43896484375,43.43896484375,0.46594715118408203,0.8172143608934628,0.8163963299746048,0.8169743737640079,0.8166317421900671
256,16.143084049224854,0.040732000000025005,0.00015910937500009768,529.7005190535817,0.0,67.14013671875,67.14013671875,0.46594715118408203,0.8172143608934628,0.8163963299746048,0.8169743737640079,0.8166317421900671
