batch_size,total_inference_time_s,avg_latency_per_batch_ms,avg_latency_per_sample_ms,throughput_samples_per_second,cpu_memory_usage_mb,gpu_memory_usage_mb,profiler_cuda_memory_mb,model_size_mb,accuracy,precision,recall,f1_score
32,43.758806228637695,2.412515722014863,0.07539111631296447,195.41209500372173,0.0,896.6318359375,896.6318359375,0.48915958404541016,0.8424745643784353,0.8418570916389747,0.8417194023291584,0.8417862790061826
64,38.5241596698761,0.30108003358209084,0.0047043755247201694,221.96460800899547,0.0,1674.4248046875,1674.4248046875,0.48915958404541016,0.8424745643784353,0.8418570916389747,0.8417194023291584,0.8417862790061826
128,37.68719005584717,0.3287882611940831,0.0025686582905787743,226.8940716282803,0.0,3192.349609375,3192.349609375,0.48915958404541016,0.8424745643784353,0.8418570916389747,0.8417194023291584,0.8417862790061826
256,34.65671372413635,0.35357848529415786,0.0013811659581803042,246.73429997041913,0.0,6384.69921875,6384.69921875,0.48915958404541016,0.8424745643784353,0.8418570916389747,0.8417194023291584,0.8417862790061826
