batch_size,total_inference_time_s,avg_latency_per_batch_ms,avg_latency_per_sample_ms,throughput_samples_per_second,cpu_memory_usage_mb,gpu_memory_usage_mb,profiler_cuda_memory_mb,model_size_mb,accuracy,precision,recall,f1_score
32,16.17685604095459,0.7828154104477922,0.024462981576493507,528.5946773805505,0.0,13.578125,13.578125,0.0212860107421875,0.8504268506607414,0.8497117681239579,0.8501134640738299,0.8498928918000688
64,15.839314222335815,0.3717325970149191,0.005808321828358111,539.8592312754174,0.0,24.318359375,24.318359375,0.0212860107421875,0.8504268506607414,0.8497117681239579,0.8501134640738299,0.8498928918000688
128,15.751736879348755,0.46104951492528373,0.003601949335353779,542.8607692914646,0.0,43.43896484375,43.43896484375,0.0212860107421875,0.8504268506607414,0.8497117681239579,0.8501134640738299,0.8498928918000688
256,15.68009901046753,0.42262942647055707,0.0016508961971506135,545.3409442307493,0.0,64.19140625,64.19140625,0.0212860107421875,0.8504268506607414,0.8497117681239579,0.8501134640738299,0.8498928918000688
