batch_size,total_inference_time_s,avg_latency_per_batch_ms,avg_latency_per_sample_ms,throughput_samples_per_second,cpu_memory_usage_mb,gpu_memory_usage_mb,profiler_cuda_memory_mb,model_size_mb,accuracy,precision,recall,f1_score
32,16.8170006275177,0.7142901212686944,0.0223215662896467,508.4735494394867,0.0,13.578125,13.578125,0.021270751953125,0.8512454683662729,0.8453164556962025,0.83475,0.84
64,16.50830626487732,0.35532457462685035,0.005551946478544537,517.9816670952431,0.0,25.55224609375,25.55224609375,0.021270751953125,0.8512454683662729,0.8453164556962025,0.83475,0.84
128,16.42434573173523,0.4567835820895609,0.0035686217350746944,520.629566599886,0.0,43.43896484375,43.43896484375,0.021270751953125,0.8512454683662729,0.8453164556962025,0.83475,0.84
256,16.32804775238037,0.4092704999999808,0.001598712890624925,523.7000852568794,0.0,64.19140625,64.19140625,0.021270751953125,0.8512454683662729,0.8453164556962025,0.83475,0.84
