batch_size,total_inference_time_s,avg_latency_per_batch_ms,avg_latency_per_sample_ms,throughput_samples_per_second,cpu_memory_usage_mb,gpu_memory_usage_mb,profiler_cuda_memory_mb,model_size_mb,accuracy,precision,recall,f1_score
32,97.8061511516571,0.0,0.0,87.42803902732986,0.0,811.2568359375,811.2568359375,42.36754894256592,0.8830546134954976,0.870919881305638,0.8805,0.8756837394331178
64,92.44295120239258,0.0,0.0,92.5002922210762,0.0,1605.9248046875,1605.9248046875,42.36754894256592,0.8830546134954976,0.870919881305638,0.8805,0.8756837394331178
128,91.17641615867615,0.0,0.0,93.78521727722357,0.0,3192.349609375,3192.349609375,42.36754894256592,0.8830546134954976,0.870919881305638,0.8805,0.8756837394331178
256,89.7540876865387,0.0,0.0,95.27142685538631,0.0,6384.69921875,6384.69921875,42.36754894256592,0.8830546134954976,0.870919881305638,0.8805,0.8756837394331178
