batch_size,total_inference_time_s,avg_latency_per_batch_ms,avg_latency_per_sample_ms,throughput_samples_per_second,cpu_memory_usage_mb,gpu_memory_usage_mb,profiler_cuda_memory_mb,model_size_mb,accuracy,precision,recall,f1_score
32,44.08451962471008,1.6401428264925364,0.05125446332789176,193.96831524522332,0.0,998.8818359375,998.8818359375,21.17158031463623,0.8830546134954976,0.8824313185094864,0.8828999670402109,0.8826420463559936
64,39.07939028739929,0.6870475223880572,0.010735117537313394,218.81098801987127,0.0,1810.4248046875,1810.4248046875,21.17158031463623,0.8830546134954976,0.8824313185094864,0.8828999670402109,0.8826420463559936
128,39.14304733276367,1.04680161940297,0.008178137651585702,218.45514293524633,0.0,3192.349609375,3192.349609375,21.17158031463623,0.8830546134954976,0.8824313185094864,0.8828999670402109,0.8826420463559936
256,36.73295831680298,1.8253490882353303,0.007130269875919259,232.78822049267032,0.0,6384.69921875,6384.69921875,21.17158031463623,0.8830546134954976,0.8824313185094864,0.8828999670402109,0.8826420463559936
